Year,Age-standardized
1990,0.7187702
2000,0.7977668
2010,0.9927631
2019,1.0316882